otc_category,title,mrp
Thermometer,"Home Apollo Products Covid Essentials Thermometers Thermometers - Total Items ( 6 ) Filter Sort By Apollo Pharmacy Non-Contact Infrared Thermometer, 1 Count ₹990 MRP ₹ 1100 10% off Add Apollo Pharmacy",1100
Thermometer,"Home Apollo Products Covid Essentials Thermometers Thermometers - Total Items ( 6 ) Filter Sort By Apollo Pharmacy Non-Contact Infrared Thermometer, 1 Count ₹990 MRP ₹ 1100 10% off Add Apollo Pharmacy",1100
Thermometer,"Home Apollo Products Covid Essentials Thermometers Thermometers - Total Items ( 6 ) Filter Sort By Apollo Pharmacy Non-Contact Infrared Thermometer, 1 Count ₹990 MRP ₹ 1100 10% off Add Apollo Pharmacy",1100
Thermometer,Thermometers,
Thermometer,Thermometers - Total Items ( 6 ),
Thermometer,"Filter Sort By Apollo Pharmacy Non-Contact Infrared Thermometer, 1 Count ₹990 MRP ₹ 1100 10% off Add Apollo Pharmacy Digital Thermometer, 1 Count ₹108 MRP ₹ 120 10% off Add Apollo Pharmacy Digital Fle",120
Thermometer,"Filter Sort By Apollo Pharmacy Non-Contact Infrared Thermometer, 1 Count ₹990 MRP ₹ 1100 10% off Add Apollo Pharmacy Digital Thermometer, 1 Count ₹108 MRP ₹ 120 10% off Add Apollo Pharmacy Digital Fle",120
Thermometer,"Apollo Pharmacy Non-Contact Infrared Thermometer, 1 Count ₹990 MRP ₹ 1100 10% off Add Apollo Pharmacy Digital Thermometer, 1 Count ₹108 MRP ₹ 120 10% off Add Apollo Pharmacy Digital Flexible Thermomet",120
Thermometer,"Apollo Pharmacy Non-Contact Infrared Thermometer, 1 Count ₹990 MRP ₹ 1100 10% off Add Apollo Pharmacy Digital Thermometer, 1 Count ₹108 MRP ₹ 120 10% off Add Apollo Pharmacy Digital Flexible Thermomet",120
Thermometer,"Apollo Pharmacy Non-Contact Infrared Thermometer, 1 Count ₹990 MRP ₹ 1100 10% off Add",1100
Thermometer,"Apollo Pharmacy Non-Contact Infrared Thermometer, 1 Count ₹990 MRP ₹ 1100 10% off Add",1100
Thermometer,"Apollo Pharmacy Non-Contact Infrared Thermometer, 1 Count ₹990 MRP ₹ 1100 10% off Add",1100
Thermometer,"Apollo Pharmacy Non-Contact Infrared Thermometer, 1 Count ₹990 MRP ₹ 1100 10% off Add",1100
Thermometer,"Apollo Pharmacy Digital Thermometer, 1 Count ₹108 MRP ₹ 120 10% off Add",120
Thermometer,"Apollo Pharmacy Digital Thermometer, 1 Count ₹108 MRP ₹ 120 10% off Add",120
Thermometer,"Apollo Pharmacy Digital Thermometer, 1 Count ₹108 MRP ₹ 120 10% off Add",120
Thermometer,"Apollo Pharmacy Digital Thermometer, 1 Count ₹108 MRP ₹ 120 10% off Add",120
Thermometer,"Apollo Pharmacy Digital Flexible Thermometer, 1 Count ₹135 MRP ₹ 150 10% off Add",150
Thermometer,"Apollo Pharmacy Digital Flexible Thermometer, 1 Count ₹135 MRP ₹ 150 10% off Add",150
Thermometer,"Apollo Pharmacy Digital Flexible Thermometer, 1 Count ₹135 MRP ₹ 150 10% off Add",150
Thermometer,"Apollo Pharmacy Digital Flexible Thermometer, 1 Count ₹135 MRP ₹ 150 10% off Add",150
Thermometer,"Doctor's Choice Digital Thermometer, 1 Count ₹195 Add",195
Thermometer,"Doctor's Choice Digital Thermometer, 1 Count ₹195 Add",195
Thermometer,"Doctor's Choice Digital Thermometer, 1 Count ₹195 Add",195
Thermometer,"Doctor's Choice Digital Thermometer, 1 Count ₹195 Add",195
Thermometer,"Apollo Pharmacy Oval Thermometer Large, 1 Count ₹130.50 MRP ₹ 145 10% off Add",145
Thermometer,"Apollo Pharmacy Oval Thermometer Large, 1 Count ₹130.50 MRP ₹ 145 10% off Add",145
Thermometer,"Apollo Pharmacy Oval Thermometer Large, 1 Count ₹130.50 MRP ₹ 145 10% off Add",145
Thermometer,"Apollo Pharmacy Oval Thermometer Large, 1 Count ₹130.50 MRP ₹ 145 10% off Add",145
Thermometer,"Digital Thermometer, 1 Count ₹287 Add",287
Thermometer,"Digital Thermometer, 1 Count ₹287 Add",287
Thermometer,"Digital Thermometer, 1 Count ₹287 Add",287
Thermometer,"Digital Thermometer, 1 Count ₹287 Add",287
Thermometer,"Best Thermometers products price list Thermometers Products Price 1. Apollo Pharmacy Non-Contact Infrared Thermometer, 1 Count Rs. 1100 2. Apollo Pharmacy Digital Thermometer, 1 Count Rs. 120 3. Apoll",120
Thermometer,"Best Thermometers products price list Thermometers Products Price 1. Apollo Pharmacy Non-Contact Infrared Thermometer, 1 Count Rs. 1100 2. Apollo Pharmacy Digital Thermometer, 1 Count Rs. 120 3. Apoll",120
Thermometer,Thermometers Products Price,
Thermometer,Thermometers Products,
Thermometer,"1. Apollo Pharmacy Non-Contact Infrared Thermometer, 1 Count Rs. 1100",1100
Thermometer,"1. Apollo Pharmacy Non-Contact Infrared Thermometer, 1 Count",
Thermometer,"2. Apollo Pharmacy Digital Thermometer, 1 Count Rs. 120",120
Thermometer,"2. Apollo Pharmacy Digital Thermometer, 1 Count",
Thermometer,"3. Apollo Pharmacy Digital Flexible Thermometer, 1 Count Rs. 150",150
Thermometer,"3. Apollo Pharmacy Digital Flexible Thermometer, 1 Count",
Thermometer,"4. Doctor's Choice Digital Thermometer, 1 Count Rs. 195",195
Thermometer,"4. Doctor's Choice Digital Thermometer, 1 Count",
Thermometer,"5. Apollo Pharmacy Oval Thermometer Large, 1 Count Rs. 145",145
Thermometer,"5. Apollo Pharmacy Oval Thermometer Large, 1 Count",
Thermometer,"6. Digital Thermometer, 1 Count Rs. 287",287
Thermometer,"6. Digital Thermometer, 1 Count",
